collegeCode,collegeName,status,homeUniversity,district,minority,feesPdfUrl
01002,"Government College of Engineering, Amravati",Government Autonomous Home University,Autonomous Institute,Amravati,Non Minority,
01005,"Sant Gadge Baba Amravati University,Amravati",University Department Home University,Sant Gadge Baba Amravati University,Amravati,Non Minority,
01012,"Government College of Engineering,Yavatmal",Government Home University,Sant Gadge Baba Amravati University,Yavatmal,Non Minority,
01101,"Shri Sant Gajanan Maharaj College of Engineering,Shegaon",Un-Aided Home University,Sant Gadge Baba Amravati University,Buldhana,Non Minority,
01105,"Prof. Ram Meghe Institute of Technology & Research, Amravati",Un-Aided Autonomous Home University,Autonomous Institute,Amravati,Non Minority,
01107,"P. R. Pote Patil College of Engineering & Management, Amravati",Un-Aided Autonomous Home University,Autonomous Institute,Amravati,Non Minority,
01114,"Sipna Shikshan Prasarak Mandal College of Engineering & Technology, Amravati",Un-Aided Autonomous Home University,Autonomous Institute,Amravati,Non Minority,
01116,"Shri Shivaji Education Society's College of Engineering and Technology, Akola",Un-Aided Home University,Sant Gadge Baba Amravati University,Akola,Non Minority,
01117,"Janata Shikshan Prasarak Mandal�s Babasaheb Naik College Of Engineering, Pusad",Un-Aided Home University,Sant Gadge Baba Amravati University,Yavatmal,Non Minority,
01119,ANURADHA COLLEGE OF ENGINEERING & TECHNOLOGY,Un-Aided Home University,Sant Gadge Baba Amravati University,Buldhana,Non Minority,
01120,"Jawaharlal Darda Institute of Engineering and Technology, Yavatmal",Un-Aided Autonomous Linguistic Minority - Hindi Home University,Autonomous Institute,Yavatmal,Hindi Minority,
01121,"Shri Hanuman Vyayam Prasarak Mandals College of Engineering & Technology, Amravati",Un-Aided Home University,Sant Gadge Baba Amravati University,Amravati,Non Minority,
01123,"Dr.Rajendra Gode Institute of Technology & Research, Amravati",Un-Aided Home University,Sant Gadge Baba Amravati University,Amravati,Non Minority,
01125,"Dwarka Bahu Uddeshiya Gramin Vikas Foundation, Rajarshi Shahu College of Engineering, Buldhana",Un-Aided Home University,Sant Gadge Baba Amravati University,Buldhana,Non Minority,
01126,"Takshashila Institute of Engineering & Technology, Darapur, Amravati",Un-Aided Home University,Sant Gadge Baba Amravati University,Amravati,Non Minority,
01127,"Jagadambha Bahuuddeshiya Gramin Vikas Sanstha's Jagdambha College of Engineering and Technology, Yavatmal",Un-Aided Autonomous Home University,Autonomous Institute,Yavatmal,Non Minority,
01128,"Prof Ram Meghe College of Engineering and Management, Badnera",Un-Aided Home University,Sant Gadge Baba Amravati University,Amravati,Non Minority,
01130,"Vision Buldhana Educational & Welfare Society's Pankaj Laddhad Institute of Technology & Management Studies, Yelgaon",Un-Aided Home University,Sant Gadge Baba Amravati University,Amravati,Non Minority,
01180,"Sanmati Engineering College, Sawargaon Barde, Washim",Un-Aided Home University,Sant Gadge Baba Amravati University,Washim,Non Minority,
01182,"Padmashri Dr. V.B. Kolte College of Engineering, Malkapur, Buldhana",Un-Aided Home University,Sant Gadge Baba Amravati University,Buldhana,Non Minority,
01265,"Mauli Group of Institutions, College of Engineering and Technology, Shegaon.",Un-Aided Home University,Sant Gadge Baba Amravati University,Buldhana,Non Minority,
01268,"Siddhivinayak Technical Campus, School of Engineering & Research Technology, Shirasgon, Nile",Un-Aided Home University,Sant Gadge Baba Amravati University,Buldhana,Non Minority,
01276,"Manav School of Engineering & Technology, Gut No. 1035 Nagpur Surat Highway, NH No. 6 Tal.Vyala, Balapur, Akola, 444302",Un-Aided Home University,Sant Gadge Baba Amravati University,Nagpur,Non Minority,
02008,"Government College of Engineering, Chhatrapati Sambhajinagar",Government Autonomous Home University,Autonomous Institute,Chhatrapati Sambhajinagar,Non Minority,
02015,"PURANMAL LAHOTI GOVERNMENT INSTITUTE OF ENGINEERING AND TECHNOLOGY, LATUR",Government Home University,"Swami Ramanand Teerth Marathwada University, Nanded",,Non Minority,
02020,"Shri Guru Gobind Singhji Institute of Engineering and Technology, Nanded",Government-Aided Autonomous Home University,Autonomous Institute,Nanded,Non Minority,
02021,"University Department of Chemical Technology, Aurangabad",University Department Home University,Dr. Babasaheb Ambedkar Marathwada University,Chhatrapati Sambhajinagar,Non Minority,
02032,"Institute of Chemical Technology, Mumbai Marathwada off campus, Jalna",University Managed Autonomous Home University,Deemed to be University,Mumbai,Non Minority,
02111,"Everest Education Society, Group of Institutions (Integrated Campus), Ohar",Un-Aided Religious Minority - Muslim Home University,Dr. Babasaheb Ambedkar Marathwada University,Chhatrapati Sambhajinagar,Muslim Minority,
02112,"Shree Yash Pratishthan, Shreeyash College of Engineering and Technology, Aurangabad",Un-Aided Home University,Dr. Babasaheb Ambedkar Marathwada University,Chhatrapati Sambhajinagar,Non Minority,
02113,"G. S. Mandal's Maharashtra Institute of Technology, Aurangabad",Un-Aided Autonomous Home University,Autonomous Institute,Chhatrapati Sambhajinagar,Non Minority,
02114,"Deogiri Institute of Engineering and Management Studies, Aurangabad",Un-Aided Autonomous Home University,Autonomous Institute,Chhatrapati Sambhajinagar,Non Minority,
02116,"Matoshri Pratishan's Group of Institutions (Integrated Campus), Kupsarwadi , Nanded",Un-Aided Home University,"Swami Ramanand Teerth Marathwada University, Nanded",,Non Minority,
02127,"Mahatma Gandhi Missions College of Engineering, Hingoli Rd, Nanded.",Un-Aided Home University,"Swami Ramanand Teerth Marathwada University, Nanded",Nanded,Non Minority,
02129,"M.S. Bidve Engineering College, Latur",Un-Aided Home University,"Swami Ramanand Teerth Marathwada University, Nanded",Nanded,Non Minority,
02130,"Terna Public Charitable Trust's College of Engineering, Osmanabad",Un-Aided Home University,Dr. Babasaheb Ambedkar Marathwada University,Dharashiv,Non Minority,
02131,"Shree Tuljabhavani College of Engineering, Tuljapur",Un-Aided Home University,Dr. Babasaheb Ambedkar Marathwada University,Dharashiv,Non Minority,
02133,"Mahatma Basaweshwar Education Society's College of Engineering, Ambejogai",Un-Aided Home University,Dr. Babasaheb Ambedkar Marathwada University,Beed,Non Minority,
02134,"Peoples Education Society's College of Engineering, Aurangabad",Un-Aided Autonomous Home University,Autonomous Institute,Chhatrapati Sambhajinagar,Non Minority,
02135,"Hi-Tech Institute of Technology, Aurangabad",Un-Aided Home University,Dr. Babasaheb Ambedkar Marathwada University,Chhatrapati Sambhajinagar,Non Minority,
02136,"Aditya Engineering College , Beed",Un-Aided Home University,Dr. Babasaheb Ambedkar Marathwada University,Beed,Non Minority,
02137,"Nagnathappa Halge Engineering College, Parli, Beed",Un-Aided Home University,Dr. Babasaheb Ambedkar Marathwada University,Beed,Non Minority,
02138,"Matsyodari Shikshan Sansatha's College of Engineering and Technology, Jalna",Un-Aided Home University,Dr. Babasaheb Ambedkar Marathwada University,Jalna,Non Minority,
02146,"Adarsh Shikshan Prasarak Mandal's K. T. Patil College of Engineering and Technology, Osmanabad",Un-Aided Home University,Dr. Babasaheb Ambedkar Marathwada University,Dharashiv,Non Minority,
02189,"Vishweshwarayya Institute Of Engineering And Technology, Almala, Tq. Ausa, Dist. Latur",Un-Aided Home University,"Swami Ramanand Teerth Marathwada University, Nanded",Latur,Non Minority,
02250,"Aurangabad College of Engineering, Naygaon Savangi, Aurangabad",Un-Aided Home University,Dr. Babasaheb Ambedkar Marathwada University,Chhatrapati Sambhajinagar,Non Minority,
02252,"Marathwada Shikshan Prasarak Mandal's Shri Shivaji Institute of Engineering and Management Studies, Parbhani",Un-Aided Home University,"Swami Ramanand Teerth Marathwada University, Nanded",Parbhani,Non Minority,
02254,"Vilasrao Deshmukh Foundation Group of Institutions, Latur",Un-Aided Home University,"Swami Ramanand Teerth Marathwada University, Nanded",Latur,Non Minority,
02282,"Mitthulalji Sarada Institute Of Technology, Nalwandi Road, Beed",Un-Aided Home University,Dr. Babasaheb Ambedkar Marathwada University,Beed,Non Minority,
02508,GRAMIN TECHNICAL AND MANAGEMENT CAMPUS NANDED.,Un-Aided Home University,"Swami Ramanand Teerth Marathwada University, Nanded",Nanded,Non Minority,
02516,International Centre Of Excellence In Engineering and Management (ICEEM),Un-Aided Home University,Dr. Babasaheb Ambedkar Marathwada University,Chhatrapati Sambhajinagar,Non Minority,
02522,"STMEI's Sandipani Technical Campus-Faculty of Engineering, Latur.",Un-Aided Home University,"Swami Ramanand Teerth Marathwada University, Nanded",Latur,Non Minority,
02533,"CSMSS Chh. Shahu College of Engineering, Aurangabad",Un-Aided Home University,Dr. Babasaheb Ambedkar Marathwada University,Chhatrapati Sambhajinagar,Non Minority,
02634,"Eaglewood Polytechnic Institute, A.P Phulepimpalgaon",Un-Aided Home University,Dr. Babasaheb Ambedkar Marathwada University,Beed,Non Minority,
02637,"Jijau Institute of Engineering Technology and Management, Khandgaon (Bendri), Taluka Naigaon, District Nanded",Un-Aided Home University,"Swami Ramanand Teerth Marathwada University, Nanded",Nanded,Non Minority,
02641,Dr. V.K. Patil College of Engineering & Technology,Un-Aided Home University,Dr. Babasaheb Ambedkar Marathwada University,Ahilhyanagar,Non Minority,
02666,Mangaldeep College of Engineering,Un-Aided Home University,Dr. Babasaheb Ambedkar Marathwada University,Dharashiv,Non Minority,
02758,Sant Eknath College of Engineering,Un-Aided Home University,Dr. Babasaheb Ambedkar Marathwada University,Chhatrapati Sambhajinagar,Non Minority,
02770,"Shetkari Shikshan Prasarak Mandal's Mahesh Institute of Engineering and Technology , Ashti",Un-Aided Home University,Dr. Babasaheb Ambedkar Marathwada University,Beed,Non Minority,
02771,Amolak College of Engineering Kada,Un-Aided Religious Minority - Jain Home University,Dr. Babasaheb Ambedkar Marathwada University,Beed,Jain Minority,
02772,JSPM College of Engineering,Un-Aided Home University,"Swami Ramanand Teerth Marathwada University, Nanded",Latur,Non Minority,
02777,CDS College of Engineering,Un-Aided Home University,Dr. Babasaheb Ambedkar Marathwada University,Chhatrapati Sambhajinagar,Non Minority,
02779,NKSPT INSTITUTE OF ENGINEERING AND TECHNOLOGY PATHIKAR CAMPUS,Un-Aided Home University,Dr. Babasaheb Ambedkar Marathwada University,Jalna,Non Minority,
03012,"Veermata Jijabai Technological Institute(VJTI), Matunga, Mumbai",Government-Aided Autonomous Home University,Autonomous Institute,Mumbai,Non Minority,
03014,"Sardar Patel College of Engineering, Andheri",Government-Aided Autonomous Home University,Autonomous Institute,Andheri,Non Minority,
03033,"Dr. Babasaheb Ambedkar Technological University, Lonere",University Home University,"Dr. Babasaheb Ambedkar Technological University,Lonere",Beer,Non Minority,
03036,"Institute of Chemical Technology, Matunga, Mumbai",Deemed University Autonomous Home University,Deemed to be University,Mumbai,Non Minority,
03042,"Loknete Shamrao Peje Government College of Engineering, Ratnagiri",Government Home University,Mumbai University,Ratnagiri,Non Minority,
03135,"Manjara Charitable Trust's Rajiv Gandhi Institute of Technology, Mumbai",Un-Aided Home University,Mumbai University,Mumbai,Non Minority,
03139,"Vidyalankar Institute of Technology,Wadala, Mumbai",Un-Aided Autonomous Home University,Autonomous Institute,Mumbai,Non Minority,
03143,"Thakur Shyamnarayan Engineering College, Mumbai",Un-Aided Linguistic Minority - Hindi Home University,Mumbai University,Mumbai,Hindi Minority,
03146,"Jawahar Education Society's Annasaheb Chudaman Patil College of Engineering,Kharghar, Navi Mumbai",Un-Aided Home University,Mumbai University,Mumbai,Non Minority,
03147,"Saraswati Education Society, Yadavrao Tasgaonkar Institute of Engineering & Technology, Karjat",Un-Aided Home University,Mumbai University,Mumbai,Non Minority,
03148,"Mahavir Education Trust's Shah & Anchor Kutchhi Engineering College, Mumbai",Un-Aided Autonomous Linguistic Minority - Gujarathi(Jain) Home University,Autonomous Institute,Mumbai,Jain Minority,
03154,"Saraswati Education Society's Saraswati College of Engineering,Kharghar Navi Mumbai",Un-Aided Autonomous Home University,Autonomous Institute,Mumbai,Non Minority,
03175,"M.G.M.'s College of Engineering and Technology, Kamothe, Navi Mumbai",Un-Aided Home University,Mumbai University,Mumbai,Non Minority,
03176,"Thakur College of Engineering and Technology, Kandivali, Mumbai",Un-Aided Autonomous Linguistic Minority - Hindi Home University,Autonomous Institute,Mumbai,Hindi Minority,
03182,"Thadomal Shahani Engineering College, Bandra, Mumbai",Un-Aided Linguistic Minority - Sindhi Home University,Mumbai University,Mumbai,Non Minority,
03183,"Anjuman-I-Islam's M.H. Saboo Siddik College of Engineering, Byculla, Mumbai",Un-Aided Religious Minority - Muslim Home University,Mumbai University,Mumbai,Muslim Minority,
03184,"Fr. Conceicao Rodrigues College of Engineering, Bandra,Mumbai",Un-Aided Autonomous Religious Minority - Christian Home University,Autonomous Institute,Mumbai,Non Minority,
03185,"Vivekanand Education Society's Institute of Technology, Chembur, Mumbai",Un-Aided Autonomous Linguistic Minority - Sindhi Home University,Autonomous Institute,Mumbai,Non Minority,
03187,"N.Y.S.S.'s Datta Meghe College of Engineering, Airoli, Navi Mumbai",Un-Aided Home University,Mumbai University,Mumbai,Non Minority,
03188,"Vasantdada Patil Pratishthan's College Of Engineering and Visual Arts, Sion, Mumbai",Un-Aided Home University,Mumbai University,Mumbai,Non Minority,
03189,"Bharati Vidyapeeth College of Engineering, Navi Mumbai",Un-Aided Home University,Mumbai University,Mumbai,Non Minority,
03190,"Terna Engineering College, Nerul, Navi Mumbai",Un-Aided Home University,Mumbai University,Mumbai,Non Minority,
03192,"Smt. Indira Gandhi College of Engineering, Navi Mumbai",Un-Aided Autonomous Home University,Autonomous Institute,Mumbai,Non Minority,
03193,"Shivajirao S. Jondhale College of Engineering, Dombivali,Mumbai",Un-Aided Home University,Mumbai University,Mumbai,Non Minority,
03194,"Vidyavardhini's College of Engineering and Technology, Vasai",Un-Aided Home University,Mumbai University,Palghar,Non Minority,
03196,"Lokmanya Tilak College of Engineering, Kopar Khairane, Navi Mumbai",Un-Aided Autonomous Linguistic Minority - Hindi Home University,Autonomous Institute,Mumbai,Hindi Minority,
03197,"Agnel Charities' FR. C. Rodrigues Institute of Technology, Vashi, Navi Mumbai",Un-Aided Autonomous Religious Minority - Christian Home University,Autonomous Institute,Mumbai,Non Minority,
03198,"Konkan Gyanpeeth College of Engineering, Karjat",Un-Aided Home University,Mumbai University,Raigad,Non Minority,
03199,"Shri Vile Parle Kelvani Mandal's Dwarkadas J. Sanghvi College of Engineering, Vile Parle,Mumbai",Un-Aided Autonomous Linguistic Minority - Gujarathi Home University,Autonomous Institute,Mumbai,Non Minority,
03200,"Hope Foundation and research center's Finolex Academy of Management and Technology, Ratnagiri",Un-Aided Home University,Mumbai University,Ratnagiri,Non Minority,
03201,"Rizvi Education Society's Rizvi College of Engineering, Bandra,Mumbai",Un-Aided Religious Minority - Muslim Home University,Mumbai University,Mumbai,Muslim Minority,
03202,Rajendra Mane College of Engineering & Technology Ambav Deorukh,Un-Aided Home University,Mumbai University,Ratnagiri,Non Minority,
03203,"Atharva College of Engineering,Malad(West),Mumbai",Un-Aided Home University,Mumbai University,Mumbai,Non Minority,
03204,"St. Francis Institute of Technology,Borivali, Mumbai",Un-Aided Autonomous Religious Minority - Christian Home University,Autonomous Institute,Mumbai,Non Minority,
03206,"S.S.P.M.'s College of Engineering, Kankavli",Un-Aided Home University,Mumbai University,Sindhudurg,Non Minority,
03207,"Mahatma Education Society's Pillai College of Engineering, New Panvel",Un-Aided Autonomous Linguistic Minority - Malyalam Home University,Autonomous Institute,Raigad,Non Minority,
03208,"Don Bosco Institute of Technology, Mumbai",Un-Aided Autonomous Religious Minority - Roman Catholics Home University,Autonomous Institute,Mumbai,Non Minority,
03210,"Excelsior Education Society's K.C. College of Engineering and Management Studies and Research, Kopri, Thane (E)",Un-Aided Linguistic Minority - Punjabi Home University,Mumbai University,Thane,Non Minority,
03211,"S.I.E.S. Graduate School of Technology, Nerul, Navi Mumbai",Un-Aided Autonomous Linguistic Minority - Tamil Home University,Autonomous Institute,Mumbai,Non Minority,
03212,"Watumull Institute of Engineering & Technology, Ulhasnagar",Un-Aided Linguistic Minority - Sindhi Home University,Mumbai University,Thane,Non Minority,
03214,"Xavier Institute Of Engineering C/O Xavier Technical Institute,Mahim,Mumbai",Un-Aided Autonomous Religious Minority - Christian Home University,Autonomous Institute,Mumbai,Non Minority,
03215,"Bhartiya Vidya Bhavan's Sardar Patel Institute of Technology , Andheri, Mumbai",Un-Aided Autonomous Home University,Autonomous Institute,Mumbai,Non Minority,
03216,"Gharda Foundation's Gharda Institute of Technology,Khed, Ratnagiri",Un-Aided Home University,Mumbai University,Ratnagiri,Non Minority,
03217,"Vighnaharata Trust's Shivajirao S. Jondhale College of Engineering & Technology, Shahapur, Asangaon, Dist Thane",Un-Aided Home University,Mumbai University,Thane,Non Minority,
03218,"Aldel Education Trust's St. John College of Engineering & Management, Vevoor, Palghar",Un-Aided Autonomous Religious Minority - Christian Home University,Autonomous Institute,Palghar,Non Minority,
03219,"Koti Vidya Charitable Trust's Smt. Alamuri Ratnamala Institute of Engineering and Technology, Sapgaon, Tal. Shahapur",Un-Aided Linguistic Minority - Hindi Home University,Mumbai University,Thane,Hindi Minority,
03220,Yadavrao Tasgaonkar College of Engineering & Management,Un-Aided Home University,Mumbai University,Raigad,Non Minority,
03221,"Vishnu Waman Thakur Charitable Trust's VIVA Institute of Technology, Virar",Un-Aided Home University,Mumbai University,Palghar,Non Minority,
03222,"Haji Jamaluddin Thim Trust's Theem College of Engineering, At. Villege Betegaon, Boisar",Un-Aided Religious Minority - Muslim Home University,Mumbai University,Raigad,Muslim Minority,
03223,"Mahatma Education Society's Pillai HOC College of Engineering & Technology, Tal. Khalapur. Dist. Raigad",Un-Aided Autonomous Linguistic Minority - Malyalam Home University,Autonomous Institute,Raigad,Non Minority,
03224,"Leela Education Society, G.V. Acharya Institute of Engineering and Technology, Shelu, Karjat",Un-Aided Home University,Mumbai University,Raigad,Non Minority,
03257,"Vidya Prasarak Mandal's College of Engineering, Thane",Un-Aided Home University,Mumbai University,Thane,Non Minority,
03277,Pravin Rohidas Patil College of Engineering & Technology,Un-Aided Home University,Mumbai University,Thane,Non Minority,
03351,"Bharat College of Engineering, Kanhor, Badlapur(W)",Un-Aided Home University,Mumbai University,Thane,Non Minority,
03353,"Dilkap Research Institute Of Engineering and Management Studies, At.Mamdapur, Post- Neral, Tal- Karjat, Mumbai",Un-Aided Home University,Mumbai University,Raigad,Non Minority,
03423,"Shree L.R. Tiwari College of Engineering, Mira Road, Mumbai",Un-Aided Autonomous Linguistic Minority - Hindi Home University,Autonomous Institute,Mumbai,Hindi Minority,
03436,"B.R. Harne College of Engineering & Technology, Karav, Tal-Ambernath.",Un-Aided Home University,Mumbai University,Thane,Non Minority,
03439,"Anjuman-I-Islam's Kalsekar Technical Campus, Panvel",Un-Aided Autonomous Religious Minority - Muslim Home University,Autonomous Institute,Raigad,Muslim Minority,
03440,"Metropolitan Institute of Technology & Management, Sukhalwad, Sindhudurg.",Un-Aided Home University,Mumbai University,Sindhudurg,Non Minority,
03445,"Vishwatmak Jangli Maharaj Ashram Trust (Kokamthan), Atma Malik Institute Of Technology & Research",Un-Aided Home University,Mumbai University,Thane,Non Minority,
03447,"G.M.Vedak Institute of Technology, Tala, Raigad.",Un-Aided Home University,Mumbai University,Raigad,Non Minority,
03462,"VPM's Maharshi Parshuram College of Engineering, Velneshwar, Ratnagiri.",Un-Aided Home University,Mumbai University,Ratnagiri,Non Minority,
03465,"Ideal Institute of Technology, Wada, Dist.Thane",Un-Aided Home University,Mumbai University,Thane,Non Minority,
03467,"Vishwaniketan's Institute of Management Entrepreneurship and Engineering Technology(i MEET), Khalapur Dist Raigad",Un-Aided Home University,Mumbai University,Raigad,Non Minority,
03470,YASHWANTRAO BHONSALE INSTITUTE OF TECHNOLOGY,Un-Aided Home University,Mumbai University,Sindhudurg,Non Minority,
03471,"New Horizon Institute of Technology & Management, Thane",Un-Aided Home University,Mumbai University,Thane,Non Minority,
03475,"A. P. Shah Institute of Technology, Thane",Un-Aided Religious Minority - Jain Home University,Mumbai University,Thane,Jain Minority,
03477,"Chhartrapati Shivaji Maharaj Institute of Technology, Shedung, Panvel",Un-Aided Home University,Mumbai University,Panvel,Non Minority,
03503,"Indala College Of Engineering, Bapsai Tal.Kalyan",Un-Aided Home University,Mumbai University,Thane,Non Minority,
03546,Devi Mahalaxmi College of Engineering and Technology,Un-Aided Home University,Mumbai University,Thane,Non Minority,
03723,Navjeevan Education Society's College of Engineering,Un-Aided Home University,Mumbai University,Mumbai,Non Minority,
03724,Thakur Shree DPS College of Engineering & Management,Un-Aided Linguistic Minority - Hindi Home University,Mumbai University,Palghar,Hindi Minority,
03725,"MAEER's Maharashtra Institute of Technology, Thane",Un-Aided Home University,Mumbai University,Thane,Non Minority,
03726,Imperial College of Engineering,Un-Aided Home University,Mumbai University,Thane,Non Minority,
04004,"Government College of Engineering, Chandrapur",Government Home University,Gondwana University,Chandrapur,Non Minority,
04025,"Government College of Engineering, Nagpur",Government Home University,Rashtrasant Tukadoji Maharaj Nagpur University,Nagpur,Non Minority,
04104,"Kavi Kulguru Institute of Technology & Science, Ramtek",Un-Aided Autonomous Home University,Autonomous Institute,Ramtek,Non Minority,
04116,"Ankush Shikshan Sanstha's G.H.Raisoni College of Engineering, Nagpur",Un-Aided Autonomous Linguistic Minority - Hindi Home University,Autonomous Institute,Nagpur,Hindi Minority,
04118,"Bapurao Deshmukh College of Engineering, Sevagram",Un-Aided Home University,Rashtrasant Tukadoji Maharaj Nagpur University,Vardha,Non Minority,
04123,"Lokmanya Tilak Jankalyan Shikshan Sanstha, Priyadarshani College of Engineering, Nagpur",Un-Aided Autonomous Linguistic Minority - Hindi Home University,Autonomous Institute,Nagpur,Hindi Minority,
04133,"Sanmarg Shikshan Sanstha's Smt. Radhikatai Pandav College of Engineering, Nagpur",Un-Aided Home University,Rashtrasant Tukadoji Maharaj Nagpur University,Nagpur,Non Minority,
04134,"Guru Nanak Institute of Engineering & Technology,Kalmeshwar, Nagpur",Un-Aided Home University,Rashtrasant Tukadoji Maharaj Nagpur University,Nagpur,Non Minority,
04135,"Amar Seva Mandal's Shree Govindrao Vanjari College of Engineering & Technology, Nagpur",Un-Aided Home University,Rashtrasant Tukadoji Maharaj Nagpur University,Nagpur,Non Minority,
04137,"Sir Shantilal Badjate Charitable Trust's S. B. Jain Institute of technology, Management & Research, Nagpur",Un-Aided Autonomous Linguistic Minority - Hindi Home University,Autonomous Institute,Nagpur,Hindi Minority,
04138,"Jaidev Education Society, J D College of Engineering and Management, Nagpur",Un-Aided Autonomous Linguistic Minority - Hindi Home University,Autonomous Institute,Nagpur,Hindi Minority,
04139,"Samridhi Sarwajanik Charitable Trust, Jhulelal Institute of Technology, Nagpur",Un-Aided Autonomous Linguistic Minority - Sindhi Home University,Autonomous Institute,Nagpur,Non Minority,
04142,"G H Raisoni College of Engineering & Management, Nagpur",Un-Aided Autonomous Linguistic Minority - Hindi Home University,Autonomous Institute,Nagpur,Hindi Minority,
04143,"Sanmarg Shikshan Sanstha, Mandukarrao Pandav College of Engineering, Bhandara",Un-Aided Home University,Rashtrasant Tukadoji Maharaj Nagpur University,Bhandara,Non Minority,
04144,"Shri. Sai Shikshan Sanstha, Nagpur Institute of Technology, Nagpur",Un-Aided Home University,Rashtrasant Tukadoji Maharaj Nagpur University,Nagpur,Non Minority,
04145,"Wainganga College of Engineering and Management, Dongargaon, Nagpur",Un-Aided Autonomous Home University,Autonomous Institute,Nagpur,Non Minority,
04147,"K.D.K. College of Engineering, Nagpur",Un-Aided Autonomous Home University,Autonomous Institute,Nagpur,Non Minority,
04151,"Tulsiramji Gaikwad Patil College of Engineering & Technology, Nagpur",Un-Aided Autonomous Home University,Autonomous Institute,Nagpur,Non Minority,
04163,Rajiv Gandhi College of Engineering Research & Technology Chandrapur,Un-Aided Home University,Gondwana University,Chandrapur,Non Minority,
04167,"Yeshwantrao Chavan College of Engineering,Wanadongri, Nagpur",Un-Aided Autonomous Home University,Autonomous Institute,Nagpur,Non Minority,
04172,"Anjuman College of Engineering & Technology, Nagpur",Un-Aided Religious Minority - Muslim Home University,Rashtrasant Tukadoji Maharaj Nagpur University,Nagpur,Muslim Minority,
04174,"ST. Vincent Pallotti College of Engineering & Technology, Nagpur",Un-Aided Autonomous Religious Minority - Christian Home University,Autonomous Institute,Nagpur,Non Minority,
04175,"JMSS Shri Shankarprasad Agnihotri College of Engineering, Wardha",Un-Aided Home University,Rashtrasant Tukadoji Maharaj Nagpur University,Wardha,Non Minority,
04177,"Priyadarshini Bhagwati College of Engineering, Harpur Nagar, Umred Road,Nagpur",Un-Aided Autonomous Linguistic Minority - Hindi Home University,Autonomous Institute,Nagpur,Hindi Minority,
04181,"Swaminarayan Siddhanta Institute Of Technology, Nagpur",Un-Aided Home University,Rashtrasant Tukadoji Maharaj Nagpur University,Nagpur,Non Minority,
04188,"Krushi Jivan Vikas Pratishthan, Ballarpur Institute of Technology, Mouza Bamni",Un-Aided Home University,Gondwana University,Chandrapur,Non Minority,
04190,"M.D. Yergude Memorial Shikshan Prasarak Mandal's Shri Sai College of Engineering & Technology, Bhadrawati",Un-Aided Home University,Gondwana University,Chandrapur,Non Minority,
04192,"Maitraya Education Society, Nagarjuna Institute of Engineering Technology & Management, Nagpur",Un-Aided Home University,Rashtrasant Tukadoji Maharaj Nagpur University,Nagpur,Non Minority,
04193,"K.D.M. Education Society, Vidharbha Institute of Technology,Umred Road ,Nagpur",Un-Aided Autonomous Linguistic Minority - Hindi Home University,Autonomous Institute,Nagpur,Hindi Minority,
04196,"Gurunanak Educational Society's Gurunanak Institute of Technology, Nagpur",Un-Aided Home University,Rashtrasant Tukadoji Maharaj Nagpur University,Nagpur,Non Minority,
04197,"Jai Mahakali Shikshan Sanstha, Agnihotri College of Engineering, Sindhi(Meghe)",Un-Aided Home University,Rashtrasant Tukadoji Maharaj Nagpur University,Wardha,Non Minority,
04302,"Gondia Education Society's Manoharbhai Patel Institute Of Engineering & Technology, Shahapur, Bhandara",Un-Aided Home University,Rashtrasant Tukadoji Maharaj Nagpur University,Bhandara,Non Minority,
04613,"Suryodaya College of Engineering & Technology, Nagpur",Un-Aided Autonomous Home University,Autonomous Institute,Nagpur,Non Minority,
04648,"R.V. Parankar College of Engineering & Technology, Arvi, Dist Wardha",Un-Aided Home University,Rashtrasant Tukadoji Maharaj Nagpur University,Wardha,Non Minority,
04649,"Bajaj Institute of Technology, Wardha",Un-Aided Linguistic Minority - Hindi Home University,Rashtrasant Tukadoji Maharaj Nagpur University,Wardha,Hindi Minority,
04679,"Karanjekar College of Engineering & Management, Sakoli",Un-Aided Home University,Rashtrasant Tukadoji Maharaj Nagpur University,Bhandara,Non Minority,
04703,"Somayya Institute of Technology, Chandrapur",Un-Aided Home University,Gondwana University,Chandrapur,Non Minority,
05003,"University Institute of Chemical Technology, North Maharashtra University, Jalgaon",University Department Home University,"Kavayitri Bahinabai Chaudhari North Maharashtra University, Jalgaon",Jalgaon,Non Minority,
05004,"Government College of Engineering, Jalgaon",Government Autonomous Home University,Autonomous Institute,Jalgaon,Non Minority,
05103,"Shri Shivaji Vidya Prasarak Sanstha's Late Bapusaheb Shivaji Rao Deore College of Engineering,Dhule",Un-Aided Home University,"Kavayitri Bahinabai Chaudhari North Maharashtra University, Jalgaon",Dhule,Non Minority,
05104,"Shramsadhana Bombay Trust, College of Engineering & Technology, Jalgaon",Un-Aided Home University,"Kavayitri Bahinabai Chaudhari North Maharashtra University, Jalgaon",Jalgaon,Non Minority,
05106,"Khandesh College Education Society's College Of Engineering And Management, Jalgaon",Un-Aided Autonomous Home University,Autonomous Institute,Jalgaon,Non Minority,
05108,"Maratha Vidya Prasarak Samaj's Karmaveer Adv. Baburao Ganpatrao Thakare College Of Engineering, Nashik",Un-Aided Autonomous Home University,Autonomous Institute,Nashik,Non Minority,
05109,"Sandip Foundation, Sandip Institute of Technology and Research Centre, Mahiravani, Nashik",Un-Aided Autonomous Home University,Autonomous Institute,Nashik,Non Minority,
05121,"K. K. Wagh Institute of Engineering Education and Research, Nashik",Un-Aided Autonomous Home University,Autonomous Institute,Nashik,Non Minority,
05124,"Jagadamba Education Soc. Nashik's S.N.D. College of Engineering & Reserch, Babulgaon",Un-Aided Home University,Savitribai Phule Pune University,Nashik,Non Minority,
05125,"Pravara Rural Education Society's Sir Visvesvaraya Institute of Technology, Chincholi Dist. Nashik",Un-Aided Home University,Savitribai Phule Pune University,Nashik,Non Minority,
05130,"Brahma Valley College of Engineering & Research, Trimbakeshwar, Nashik",Un-Aided Home University,Savitribai Phule Pune University,Nashik,Non Minority,
05139,"Pravara Rural College of Engineering, Loni, Pravaranagar, Ahilyanagar.",Un-Aided Home University,Savitribai Phule Pune University,Ahilyanagar,Non Minority,
05151,"MET Bhujbal Knowledge City MET League's Engineering College, Adgaon, Nashik.",Un-Aided Home University,Savitribai Phule Pune University,Nashik,Non Minority,
05152,"G H Raisoni College of Engineering and Management, Jalgaon",Un-Aided Autonomous Linguistic Minority - Hindi Home University,Autonomous Institute,Jalgaon,Hindi Minority,
05160,"Sanjivani Rural Education Society's Sanjivani College of Engineering, Kopargaon",Un-Aided Autonomous Home University,Autonomous Institute,Kopargaon,Non Minority,
05161,"Dr. Vithalrao Vikhe Patil College of Engineering, Ahilyanagar",Un-Aided Home University,Savitribai Phule Pune University,Ahilyanagar,Non Minority,
05162,"Amrutvahini Sheti & Shikshan Vikas Sanstha's Amrutvahini College of Engineering, Sangamner",Un-Aided Autonomous Home University,Autonomous Institute,Sangamner,Non Minority,
05164,"P.S.G.V.P. Mandal's D.N. Patel College of Engineering, Shahada, Dist. Nandurbar",Un-Aided Linguistic Minority - Gujar Home University,"Kavayitri Bahinabai Chaudhari North Maharashtra University, Jalgaon",Nandurbar,Non Minority,
05168,"T.M.E. Society's J.T.Mahajan College of Engineering, Faizpur",Un-Aided Home University,"Kavayitri Bahinabai Chaudhari North Maharashtra University, Jalgaon",Jalgaon,Non Minority,
05169,"Nagaon Education Society's Gangamai College of Engineering, Nagaon, Tal Dist Dhule",Un-Aided Home University,"Kavayitri Bahinabai Chaudhari North Maharashtra University, Jalgaon",Dhule,Non Minority,
05170,"Hindi Seva Mandal's Shri Sant Gadgebaba College of Engineering & Technology, Bhusawal",Un-Aided Autonomous Linguistic Minority - Hindi Home University,Autonomous Institute,Jalgaon,Hindi Minority,
05171,"Godavari Foundation's Godavari College Of Engineering, Jalgaon",Un-Aided Home University,"Kavayitri Bahinabai Chaudhari North Maharashtra University, Jalgaon",Jalgaon,Non Minority,
05172,"R. C. Patel Institute of Technology, Shirpur",Un-Aided Autonomous Linguistic Minority - Gujarathi Home University,Autonomous Institute,Shirpur,Non Minority,
05173,"SNJB's Late Sau. Kantabai Bhavarlalji Jain College of Engineering, (Jain Gurukul), Neminagar,Chandwad,(Nashik)",Un-Aided Autonomous Religious Minority - Jain Home University,Autonomous Institute,Nashik,Jain Minority,
05177,"Matoshri College of Engineering and Research Centre, Eklahare, Nashik",Un-Aided Autonomous Home University,Autonomous Institute,Nashik,Non Minority,
05179,"Vishwabharati Academy's College of Engineering, Ahilyanagar",Un-Aided Home University,Savitribai Phule Pune University,Ahilyanagar,Non Minority,
05181,"Gokhale Education Society's, R.H. Sapat College of Engineering, Management Studies and Research, Nashik",Un-Aided Home University,Savitribai Phule Pune University,Nashik,Non Minority,
05182,"Kalyani Charitable Trust, Late Gambhirrao Natuba Sapkal College of Engineering, Anjaneri, Trimbakeshwar Road, Nashik",Un-Aided Home University,Savitribai Phule Pune University,Nashik,Non Minority,
05184,"Amruta Vaishnavi Education & Welfare Trust's Shatabdi Institute of Engineering & Research, Agaskhind Tal. Sinnar",Un-Aided Religious Minority - Christian Home University,Savitribai Phule Pune University,Nashik,Non Minority,
05223,"SMT. SHARCHCHANDRIKA SURESH PATIL INSTITUTE OF TECHNOLOGY (ENGINEERING & POLYTECHNIC), CHOPDA",Un-Aided Home University,"Kavayitri Bahinabai Chaudhari North Maharashtra University, Jalgaon",Jalgaon,Non Minority,
05239,JAMIA INSTITUTE OF TECHNOLOGY,Un-Aided Religious Minority - Muslim Home University,"Kavayitri Bahinabai Chaudhari North Maharashtra University, Jalgaon",Nandurbar,Muslim Minority,
05244,"MET's Institute of Technology Polytechnic, Bhujbal Knowledge City, Adgaon Nashik",Un-Aided Home University,Savitribai Phule Pune University,Nashik,Non Minority,
05249,"Trimurti Shikshan Prasarak Mandal, Trimurti Institute Of Technology, Paladhi Bk, Jalgaon",Un-Aided Home University,"Kavayitri Bahinabai Chaudhari North Maharashtra University, Jalgaon",Jalgaon,Non Minority,
05263,"Matoshri Education Soceity, Matoshri Institute Of Technology, Dhanore, Nashik",Un-Aided Home University,Savitribai Phule Pune University,Nashik,Non Minority,
05303,"Hon. Shri. Babanrao Pachpute Vichardhara Trust, Group of Institutions (Integrated Campus)-Parikrama, Kashti Shrigondha,",Un-Aided Home University,Savitribai Phule Pune University,Ahilyanagar,Non Minority,
05330,"PUNE VIDYARTHI GRIHA�S COLLEGE OF ENGINEERING & SHRIKRUSHNA S. DHAMANKAR INSTITUTE OF MANAGEMENT, NASHIK",Un-Aided Home University,Savitribai Phule Pune University,Pune,Non Minority,
05331,"Sandip Foundation's, Sandip Institute of Engineering & Management, Nashik",Un-Aided Home University,Savitribai Phule Pune University,Nashik,Non Minority,
05365,"Vardhaman Education & Welfare Society, Ahinsa Institute of Technology, Post. Dondaicha, Dhule",Un-Aided Religious Minority - Jain Home University,"Kavayitri Bahinabai Chaudhari North Maharashtra University, Jalgaon",Dhule,Jain Minority,
05370,"Kedareshwar Gramin Vikas Pratishthan, Samajbhushan Eknathrao Dhakane College, of Engineering, Shevgaon",Un-Aided Home University,Savitribai Phule Pune University,Shevgaon,Non Minority,
05380,"Adsul's Technical Campus, Chas Dist. Ahilyanagar",Un-Aided Home University,Savitribai Phule Pune University,Ahilyanagar,Non Minority,
05381,"Shri. Jaykumar Rawal Institute of Technology, Dondaicha.",Un-Aided Home University,"Kavayitri Bahinabai Chaudhari North Maharashtra University, Jalgaon",Dhule,Non Minority,
05382,"Ahilyanagar Jilha Maratha Vidya Prasarak Samajache, Shri. Chhatrapati Shivaji Maharaj College of Engineering, Nepti",Un-Aided Home University,Savitribai Phule Pune University,Ahilyanagar,Non Minority,
05390,"K.V.N. Naik S. P. Sansth's Loknete Gopinathji Munde Institute of Engineering Education & Research, Nashik.",Un-Aided Home University,Savitribai Phule Pune University,Nashik,Non Minority,
05395,Ashok Institute of Engineering & Technology,Un-Aided Home University,Savitribai Phule Pune University,Ahilyanagar,Non Minority,
05396,"College of Engineering and Technology ,North Maharashtra Knowledge City, Jalgaon",Un-Aided Home University,"Kavayitri Bahinabai Chaudhari North Maharashtra University, Jalgaon",Jalgaon,Non Minority,
05399,"Sanghavi College of Engineering, Varvandi, Nashik.",Un-Aided Home University,Savitribai Phule Pune University,Nashik,Non Minority,
05401,"Jawahar Education Society's Institute of Technology, Management & Research, Nashik.",Un-Aided Home University,Savitribai Phule Pune University,Nashik,Non Minority,
05408,"Vidya Niketan College of Engineering, Bota Sangamner",Un-Aided Home University,Savitribai Phule Pune University,Sangamner,Non Minority,
05409,"Rajiv Gandhi College of Engineering, At Post Karjule Hariya Tal.Parner, Dist.Ahilyanagar",Un-Aided Home University,Savitribai Phule Pune University,Ahilyanagar,Non Minority,
05411,"Maulana Mukhtar Ahmad Nadvi Technical Campus, Malegaon.",Un-Aided Religious Minority - Muslim Home University,Savitribai Phule Pune University,Dhule,Muslim Minority,
05414,"Nikam Institute of Technology(Polytechnic),Dhule",Un-Aided Home University,"Kavayitri Bahinabai Chaudhari North Maharashtra University, Jalgaon",Dhule,Non Minority,
05418,"Guru Gobind Singh College of Engineering & Research Centre, Nashik.",Un-Aided Home University,Savitribai Phule Pune University,Nashik,Non Minority,
05433,"R.C. Patel College of Engineering and Polytechnic, Shirpur",Un-Aided Linguistic Minority - Gujarathi Home University,"Kavayitri Bahinabai Chaudhari North Maharashtra University, Jalgaon",Dhule,Non Minority,
05497,"P.G. College of Engineering & Technology, Nandurbar",Un-Aided Home University,"Kavayitri Bahinabai Chaudhari North Maharashtra University, Jalgaon",Nandurbar,Non Minority,
05509,"Shri Swami Samarth Institute of Management and Technology, Malwadi-Bota",Un-Aided Home University,Savitribai Phule Pune University,Ahilyanagar,Non Minority,
05513,"MKD Institute of Technology, Nadurbar",Un-Aided Home University,"Kavayitri Bahinabai Chaudhari North Maharashtra University, Jalgaon",Nandurbar,Non Minority,
05545,"Shri Vile Parle Kelavani Mandal's College of Engineering, Shirpur",Un-Aided Linguistic Minority - Gujarathi Home University,"Kavayitri Bahinabai Chaudhari North Maharashtra University, Jalgaon",Dhule,Non Minority,
05597,VAMANRAO ITHAPE COLLEGE OF ENGINEERING AND MANAGEMENT,Un-Aided Home University,Savitribai Phule Pune University,Nandurbar,Non Minority,
06004,"Government College of Engineering & Research, Avasari Khurd",Government Home University,Savitribai Phule Pune University,Pune,Non Minority,
06005,"Government College of Engineering, Karad",Government Autonomous Home University,Autonomous Institute,Satara,Non Minority,
06007,"Walchand College of Engineering, Sangli",Government-Aided Autonomous Home University,Autonomous Institute,Sangli,Non Minority,
06028,"Department of Technology, Shivaji University, Kolhapur",University Department Home University,Shivaji University,Kolhapur,Non Minority,
06036,"Government College of Engineering, Kolhapur",Government Home University,Shivaji University,Kolhapur,Non Minority,
06122,"TSSMS's Pd. Vasantdada Patil Institute of Technology, Bavdhan, Pune",Un-Aided Home University,Savitribai Phule Pune University,Pune,Non Minority,
06138,"Genba Sopanrao Moze Trust Parvatibai Genba Moze College of Engineering,Wagholi, Pune",Un-Aided Home University,Savitribai Phule Pune University,Pune,Non Minority,
06139,"Progressive Education Society's Modern College of Engineering, Pune",Un-Aided Autonomous Home University,Autonomous Institute,Pune,Non Minority,
06141,"Jaywant Shikshan Prasarak Mandal's,Rajarshi Shahu College of Engineering, Tathawade, Pune",Un-Aided Autonomous Home University,Autonomous Institute,Pune,Non Minority,
06144,"Genba Sopanrao Moze College of Engineering, Baner-Balewadi, Pune",Un-Aided Home University,Savitribai Phule Pune University,Pune,Non Minority,
06145,"JSPM'S Jaywantrao Sawant College of Engineering,Pune",Un-Aided Home University,Savitribai Phule Pune University,Pune,Non Minority,
06146,"MIT Academy of Engineering,Alandi, Pune",Un-Aided Autonomous Home University,Autonomous Institute,Pune,Non Minority,
06149,"Siddhant College of Engineering, A/p Sudumbare, Tal.Maval, Dist-Pune",Un-Aided Linguistic Minority - Hindi Home University,Savitribai Phule Pune University,Pune,Hindi Minority,
06155,"G.H.Raisoni College of Engineering & Management, Wagholi, Pune",Un-Aided Autonomous Linguistic Minority - Hindi Home University,Autonomous Institute,Pune,Hindi Minority,
06156,"Marathwada Mitra Mandal's College of Engineering, Karvenagar, Pune",Un-Aided Autonomous Home University,Autonomous Institute,Pune,Non Minority,
06175,"Pimpri Chinchwad Education Trust, Pimpri Chinchwad College of Engineering, Pune",Un-Aided Autonomous Home University,Autonomous Institute,Pune,Non Minority,
06177,"Sinhgad College of Engineering, Vadgaon (BK), Pune",Un-Aided Home University,Savitribai Phule Pune University,Pune,Non Minority,
06178,"Sinhgad Technical Education Society's Smt. Kashibai Navale College of Engineering,Vadgaon,Pune",Un-Aided Home University,Savitribai Phule Pune University,Pune,Non Minority,
06179,"Indira College of Engineering & Management, Pune",Un-Aided Autonomous Home University,Autonomous Institute,Pune,Non Minority,
06182,"Sinhgad Technical Education Society, Sinhgad Institute of Technology and Science, Narhe (Ambegaon)",Un-Aided Home University,Savitribai Phule Pune University,Snidev,Non Minority,
06183,"Al-Ameen Educational and Medical Foundation, College of Engineering, Koregaon, Bhima",Un-Aided Religious Minority - Muslim Home University,Savitribai Phule Pune University,Pune,Muslim Minority,
06184,"K. J.'s Educational Institut Trinity College of Engineering and Research, Pisoli, Haveli",Un-Aided Autonomous Home University,Autonomous Institute,Pune,Non Minority,
06185,Sinhgad Institute of Technology,Un-Aided Home University,Savitribai Phule Pune University,Pune,Non Minority,
06187,"Sinhgad Academy of Engineering, Kondhwa (BK) Kondhwa-Saswad Road, Pune",Un-Aided Home University,Savitribai Phule Pune University,Pune,Non Minority,
06203,"Marathwada Mitra Mandal's Institute of Technology, Lohgaon, Pune",Un-Aided Home University,Savitribai Phule Pune University,Pune,Non Minority,
06206,"Pune District Education Association's College of Engineering, Manjari(Bk), Hadapsar, Pune",Un-Aided Home University,Savitribai Phule Pune University,Pune,Non Minority,
06207,"Dr. D. Y. Patil Unitech Society's Dr. D. Y. Patil Institute of Technology, Pimpri, Pune",Un-Aided Home University,Savitribai Phule Pune University,Pune,Non Minority,
06214,"K. E. Society's Rajarambapu Institute of Technology, Walwa, Sangli",Un-Aided Autonomous Home University,Autonomous Institute,Sangli,Non Minority,
06217,"Shri. Balasaheb Mane Shikshan Prasarak Mandal's, Ashokrao Mane Group of Institutions",Un-Aided Autonomous Home University,Autonomous Institute,Kolhapur,Non Minority,
06219,"KSGBS's Bharat- Ratna Indira Gandhi College of Engineering, Kegaon, Solapur",Un-Aided Home University,Punyashlok Ahilyadevi Holkar Solapur University,Solapur,Non Minority,
06220,"SVERI's College of Engineering, Pandharpur",Un-Aided Autonomous Home University,Autonomous Institute,Solapur,Non Minority,
06222,"Dattajirao Kadam Technical Education Society's Textile & Engineering Institute, Ichalkaranji.",Un-Aided Autonomous Home University,Autonomous Institute,Kolhapur,Non Minority,
06223,"Pradnya Niketan Education Society's Nagesh Karajagi Orchid College of Engineering & Technology, Solapur",Un-Aided Autonomous Home University,Autonomous Institute,Solapur,Non Minority,
06250,"D.Y. Patil College of Engineering and Technology, Kolhapur",Un-Aided Autonomous Home University,Autonomous Institute,Kolhapur,Non Minority,
06265,"Walchand Institute of Technology, Solapur",Un-Aided Autonomous Religious Minority - Jain Home University,Autonomous Institute,Solapur,Jain Minority,
06267,"Kolhapur Institute of Technology's College of Engineering(Autonomous), Kolhapur",Un-Aided Autonomous Home University,Autonomous Institute,Kolhapur,Non Minority,
06268,"Tatyasaheb Kore Institute of Engineering and Technology, Warananagar",Un-Aided Autonomous Home University,Autonomous Institute,Kolhapur,Non Minority,
06269,"Shetkari Shikshan Mandal's Pad. Vasantraodada Patil Institute of Technology, Budhgaon, Sangli",Un-Aided Autonomous Home University,Autonomous Institute,Sangli,Non Minority,
06270,"Rayat Shikshan Sanstha's Karmaveer Bhaurao Patil College of Engineering, Satara",Un-Aided Home University,Shivaji University,Satara,Non Minority,
06271,Pune Institute of Computer Technology,Un-Aided Autonomous Home University,Autonomous Institute,Pune,Non Minority,
06272,"Dr. D. Y. Patil Pratishthan's D.Y.Patil College of Engineering Akurdi, Pune",Un-Aided Autonomous Home University,Autonomous Institute,Pune,Non Minority,
06273,"Bansilal Ramnath Agarawal Charitable Trust's Vishwakarma Institute of Technology, Bibwewadi, Pune",Un-Aided Autonomous Home University,Autonomous Institute,Pune,Non Minority,https://cbsnfatskeujkebdccxq.supabase.co/storage/v1/object/public/fees_structures/fees/1769005137674.pdf
06274,"PVG's College of Engineering, Technology & Management",Un-Aided Autonomous Home University,Autonomous Institute,Pune,Non Minority,
06275,"Shivnagar Vidya Prasarak Mandal's College of Engineering, Malegaon-Baramati",Un-Aided Home University,Savitribai Phule Pune University,Pune,Non Minority,
06277,"Dr. J. J. Magdum Charitable Trust's Dr. J.J. Magdum College of Engineering, Jaysingpur",Un-Aided Autonomous Home University,Autonomous Institute,Kolhapur,Non Minority,
06278,"All India Shri Shivaji Memorial Society's College of Engineering, Pune",Un-Aided Autonomous Home University,Autonomous Institute,Pune,Non Minority,
06281,"Modern Education Society's Wadia College of Engineering, Pune",Un-Aided Home University,Savitribai Phule Pune University,Pune,Non Minority,
06282,"All India Shri Shivaji Memorial Society's Institute of Information Technology,Pune",Un-Aided Autonomous Home University,Autonomous Institute,Pune,Non Minority,
06283,"Annasaheb Dange College of Engineering and Technology, Ashta, Sangli",Un-Aided Autonomous Home University,Autonomous Institute,Sangli,Non Minority,
06284,"Vidya Pratishthan's Kamalnayan Bajaj Institute of Engineering & Technology, Baramati Dist.Pune",Un-Aided Autonomous Home University,Autonomous Institute,Pune,Non Minority,
06288,"Bharati Vidyapeeth's College of Engineering, Kolhapur",Un-Aided Home University,Shivaji University,Kolhapur,Non Minority,
06293,"Kai Amdar Bramhadevdada Mane Shikshan & Samajik Prathistan's Bramhadevdada Mane Institute of Technology, Solapur",Un-Aided Home University,Punyashlok Ahilyadevi Holkar Solapur University,Solapur,Non Minority,
06298,"Zeal Education Society's Zeal College of Engineering & Reserch, Narhe, Pune",Un-Aided Autonomous Home University,Autonomous Institute,Pune,Non Minority,
06303,"Dr. Ashok Gujar Technical Institute's Dr. Daulatrao Aher College of Engineering, Karad",Un-Aided Home University,Shivaji University,Satara,Non Minority,
06304,"Loknete Hanumantrao Charitable Trust's Adarsh Institute of Technology and Research Centre, Vita,Sangli",Un-Aided Autonomous Home University,Autonomous Institute,Sangli,Non Minority,
06305,"Late Narayandas Bhawandas Chhabada Institute of Engineering & Technology, Satara",Un-Aided Autonomous Home University,Autonomous Institute,Satara,Non Minority,
06307,"Dhole Patil Education Society, Dhole Patil College of Engineering, Wagholi, Tal. Haveli",Un-Aided Home University,Savitribai Phule Pune University,Pune,Non Minority,
06308,"Shanti Education Society, A.G. Patil Institute of Technology, Soregaon, Solapur(North)",Un-Aided Home University,Punyashlok Ahilyadevi Holkar Solapur University,Solapur,Non Minority,
06310,"Nutan Maharashtra Vidya Prasarak Mandal, Nutan Maharashtra Institute of Engineering &Technology, Talegaon station, Pune",Un-Aided Autonomous Home University,Autonomous Institute,Pune,Non Minority,
06311,"Jayawant Shikshan Prasarak Mandal, Bhivarabai Sawant Institute of Technology & Research, Wagholi",Un-Aided Home University,Savitribai Phule Pune University,Wagholi,Non Minority,
06313,"Jaywant College of Engineering & Polytechnic , Kille Macchindragad Tal. Walva District- Sangali",Un-Aided Home University,Shivaji University,Sangli,Non Minority,
06315,Sanjeevan Group of Institutions,Un-Aided Home University,Shivaji University,Kolhapur,Non Minority,
06317,"Sharad Institute of Technology College of Engineering, Yadrav(Ichalkaranji)",Un-Aided Autonomous Home University,Autonomous Institute,Kolhapur,Non Minority,
06319,"Shahajirao Patil Vikas Pratishthan, S.B.Patil College of Engineering, Vangali, Tal. Indapur",Un-Aided Home University,Savitribai Phule Pune University,Pune,Non Minority,
06320,"K.J.'s Educational Institute's K.J.College of Engineering & Management Research, Pisoli",Un-Aided Home University,Savitribai Phule Pune University,Pune,Non Minority,
06321,"Vidya Vikas Pratishthan Institute of Engineering and Technology, Solapur",Un-Aided Home University,Punyashlok Ahilyadevi Holkar Solapur University,Solapur,Non Minority,
06322,"Shree Gajanan Maharaj Shikshan Prasarak Manda'l Sharadchandra Pawar College of Engineering, Dumbarwadi",Un-Aided Home University,Savitribai Phule Pune University,Pune,Non Minority,
06324,Rajgad Technical Campus,Un-Aided Home University,Savitribai Phule Pune University,Pune,Non Minority,
06325,"Alard Charitable Trust's Alard College of Engineering and Management, Pune",Un-Aided Linguistic Minority - Hindi Home University,Savitribai Phule Pune University,Pune,Hindi Minority,
06326,Karmayogi Institute of Technology,Un-Aided Home University,Punyashlok Ahilyadevi Holkar Solapur University,Solapur,Non Minority,
06402,"NEW INSTITUTE OF TECHNOLOGY,KOLHAPUR",Un-Aided Home University,Shivaji University,Kolhapur,Non Minority,
06444,"Shriram Institute Of Engineering & Technology, (Poly), Paniv",Un-Aided Home University,Punyashlok Ahilyadevi Holkar Solapur University,Chhatrapati Sambhajshagar,Non Minority,
06466,"Shree Santkrupa Shikshan Sanstha, Shree Santkrupa Institute Of Engineering & Technology, Karad",Un-Aided Home University,Shivaji University,Satara,Non Minority,
06467,"Swami Vivekanand Institute Of Technology, Solapur",Un-Aided Home University,Punyashlok Ahilyadevi Holkar Solapur University,Solapur,Non Minority,
06468,"Swami Vivekananda Shikshan Sanstha, Dr. Bapuji Salunkhe Institute Of Engineering & Technology,Kolhapur",Un-Aided Home University,Shivaji University,Kolhapur,Non Minority,
06545,"Samarth Education Trust's Arvind Gavali College Of Engineering Panwalewadi, Varye,Satara.",Un-Aided Autonomous Home University,Autonomous Institute,Satara,Non Minority,
06609,"Jaihind College Of Engineering,Kuran",Un-Aided Home University,Savitribai Phule Pune University,Pune,Non Minority,
06622,ISBM College Of Engineering Pune,Un-Aided Linguistic Minority - Hindi Home University,Savitribai Phule Pune University,Pune,Hindi Minority,
06625,"Universal College of Engineering & Research, Sasewadi",Un-Aided Home University,Savitribai Phule Pune University,Pune,Non Minority,
06628,"Dattakala Group Of Institutions, Swami - Chincholi Tal. Daund Dist. Pune",Un-Aided Home University,Savitribai Phule Pune University,Pune,Non Minority,
06632,Navsahyadri Education Society's Group of Institutions,Un-Aided Home University,Savitribai Phule Pune University,Pune,Non Minority,
06634,"KJEI's Trinity Academy of Engineering, Yewalewadi, Pune",Un-Aided Home University,Savitribai Phule Pune University,Pune,Non Minority,
06635,Samarth College of Engineering and Management,Un-Aided Home University,Savitribai Phule Pune University,Pune,Non Minority,
06640,"N. B. Navale Sinhgad College of Engineering, Kegaon, solapur",Un-Aided Home University,Punyashlok Ahilyadevi Holkar Solapur University,Solapur,Non Minority,
06643,"S K N Sinhgad College of Engineering, Korti Tal. Pandharpur Dist Solapur",Un-Aided Home University,Punyashlok Ahilyadevi Holkar Solapur University,Solapur,Non Minority,
06644,"Shri. Ambabai Talim Sanstha's Sanjay Bhokare Group of Institutes, Miraj",Un-Aided Autonomous Home University,Autonomous Institute,Sangli,Non Minority,
06649,"TSSM's Bhivarabai Sawant College of Engineering and Research, Narhe, Pune",Un-Aided Home University,Savitribai Phule Pune University,Pune,Non Minority,
06714,"APPASAHEB ALIAS SA.RE.PATIL INSTITUTE OF TECHNOLOGY, Dattanagar Tal-Shirol, Dist Kolhapur",Un-Aided Home University,Shivaji University,Kolhapur,Non Minority,
06715,Babasaheb Phadtare Engineering & Technology Kalamb-Walchandnagar Tal Indapur Dist Pune,Un-Aided Home University,Savitribai Phule Pune University,Pune,Non Minority,
06732,"Ajeenkya DY Patil School of Engineering, Lohegaon, Pune",Un-Aided Home University,Savitribai Phule Pune University,Pune,Non Minority,
06754,"International Institute of Information Technology (I�IT), Pune.",Un-Aided Autonomous Home University,Autonomous Institute,Pune,Non Minority,
06755,"JSPM Narhe Technical Campus, Pune.",Un-Aided Home University,Savitribai Phule Pune University,Pune,Non Minority,
06756,"Fabtech Technical Campus College of Engineering and Research, Sangola",Un-Aided Autonomous Home University,Autonomous Institute,Solapur,Non Minority,
06757,"Yashoda Technical Campus, Wadhe, Satara.",Un-Aided Home University,Shivaji University,Satara,Non Minority,
06758,"Sahyadri Valley College of Engineering & Technology, Rajuri, Pune.",Un-Aided Home University,Savitribai Phule Pune University,Pune,Non Minority,
06759,"Shree Ramchandra College of Engineering, Lonikand,Pune",Un-Aided Home University,Savitribai Phule Pune University,Pune,Non Minority,
06762,"Nanasaheb Mahadik College of Engineering,Walwa, Sangli.",Un-Aided Home University,Shivaji University,Sangli,Non Minority,
06766,Phaltan Education Society's College of Engineering Thakurki Tal- Phaltan Dist-Satara,Un-Aided Home University,Shivaji University,Satara,Non Minority,
06767,"Suman Ramesh Tulsiani Technical Campus: Faculty of Engineering, Kamshet,Pune.",Un-Aided Home University,Savitribai Phule Pune University,Pune,Non Minority,
06768,"P.K. Technical Campus, Pune.",Un-Aided Home University,Savitribai Phule Pune University,Pune,Non Minority,
06769,"Rasiklal M. Dhariwal Sinhgad Technical Institutes Campus, Warje, Pune.",Un-Aided Home University,Savitribai Phule Pune University,Pune,Non Minority,
06770,"SKN Sinhgad Institute of Technology & Science, Kusgaon(BK),Pune.",Un-Aided Home University,Savitribai Phule Pune University,Pune,Non Minority,
06771,"Flora Institute of Technology, Khopi, Near Khed Shivapur Toll Plaza, Pune",Un-Aided Home University,Savitribai Phule Pune University,Pune,Non Minority,
06772,"NBN Sinhgad Technical Institutes Campus, Pune",Un-Aided Home University,Savitribai Phule Pune University,Pune,Non Minority,
06780,"D.Y.Patil Education Society's,D.Y.Patil Technical Campus, Faculty of Engineering & Faculty of Management,Talsande,Kolhapur.",Un-Aided Autonomous Home University,Autonomous Institute,Kolhapur,Non Minority,
06781,"Bhagwant Institute of Technology, Barshi",Un-Aided Home University,Punyashlok Ahilyadevi Holkar Solapur University,Solapur,Non Minority,
06782,"Sahakar Maharshee Shankarrao Mohite Patil Institute of Technology & Research, Akluj",Un-Aided Home University,Punyashlok Ahilyadevi Holkar Solapur University,Solapur,Non Minority,
06794,"Anantrao Pawar College of Engineering & Research, Pune",Un-Aided Home University,Savitribai Phule Pune University,Pune,Non Minority,
06795,"Shri.Someshwar Shikshan Prasarak Mandal, Sharadchandra Pawar College of Engineering & Technology, Someshwar Nagar",Un-Aided Home University,Savitribai Phule Pune University,Pune,Non Minority,
06796,"Bharati Vidyapeeth's College of Engineering,Lavale, Pune",Un-Aided Home University,Savitribai Phule Pune University,Pune,Non Minority,
06797,"Dnyanshree Institute Engineering and Technology, Satara",Un-Aided Home University,Shivaji University,Satara,Non Minority,
06799,"Shivganga Charitable Trust, Sangli Vishveshwarya Technical Campus, Faculty of Diploma Engineering, Patgaon, Miraj",Un-Aided Home University,Shivaji University,Sangli,Non Minority,
06803,"Sant Gajanan Maharaj College of Engineering, Gadhinglaj",Un-Aided Home University,Shivaji University,Kolhapur,Non Minority,
06808,"Keystone School of Engineering, Pune",Un-Aided Home University,Savitribai Phule Pune University,Pune,Non Minority,
06811,Sanjay Ghodawat Institute,Un-Aided Home University,Shivaji University,Kolhapur,Non Minority,
06815,"Vidya Prasarini Sabha's College of Engineering & Technology, Lonavala",Un-Aided Home University,Savitribai Phule Pune University,Pune,Non Minority,
06822,"Pimpri Chinchwad Education Trust's Pimpri Chinchwad College Of Engineering And Research, Ravet",Un-Aided Autonomous Home University,Autonomous Institute,Pune,Non Minority,
06834,"Dr.D.Y.Patil College Of Engineering & Innovation,Talegaon",Un-Aided Autonomous Home University,Autonomous Institute,Pune,Non Minority,
06839,"Dr. D Y Patil Pratishthan's College of Engineering, Kolhapur",Un-Aided Home University,Shivaji University,Kolhapur,Non Minority,
06878,"Dr. A. D. Shinde College Of Engineering, Tal.Gadhinglaj, Kolhapur",Un-Aided Home University,Shivaji University,Kolhapur,Non Minority,
06901,"MAEER's MIT College of Railway Engineering and Research, Jamgaon, Barshi",Un-Aided Home University,Punyashlok Ahilyadevi Holkar Solapur University,Solapur,Non Minority,
06991,"Dr. D.Y. Patil Technical Campus, Varale, Talegaon, Pune",Un-Aided Home University,Savitribai Phule Pune University,Pune,Non Minority,
14005,"Laxminarayan Innovation Technological University, Nagpur",University Autonomous Home University,Autonomous Institute,Nagpur,Non Minority,
16006,COEP Technological University,University Autonomous Home University,Autonomous Institute,Pune,Non Minority,
16121,"Shri. Anandrao Abitkar College of Engineering, Pal",Un-Aided Home University,Shivaji University,Kolhapur,Non Minority,
16351,"Vidya Niketan Institute of Engineering & Technology, Lakhewadi",Un-Aided Home University,Savitribai Phule Pune University,Lakhewadi,Non Minority,
16352,"Yashoda Mahadeo Kakade College of Engineering, Talegaon",Un-Aided Home University,Savitribai Phule Pune University,Pune,Non Minority,
16354,DNYANVILAS COLLEGE OF ENGINEERING,Un-Aided Home University,Savitribai Phule Pune University,Pune,Non Minority,
16355,Audyogik Shikshan Mandal's Nextgen Technical Campus,Un-Aided Home University,Savitribai Phule Pune University,Pune,Non Minority,
16357,MES MUKUNDDAS LOHIA COLLEGE OF ENGINEERING,Un-Aided Home University,Savitribai Phule Pune University,Pune,Non Minority,